-- phpMyAdmin SQL Dump
-- version 5.2.1
-- https://www.phpmyadmin.net/
--
-- Servidor: 127.0.0.1
-- Tiempo de generación: 28-04-2025 a las 20:09:48
-- Versión del servidor: 10.4.32-MariaDB
-- Versión de PHP: 8.2.12

SET SQL_MODE = "NO_AUTO_VALUE_ON_ZERO";
START TRANSACTION;
SET time_zone = "+00:00";


/*!40101 SET @OLD_CHARACTER_SET_CLIENT=@@CHARACTER_SET_CLIENT */;
/*!40101 SET @OLD_CHARACTER_SET_RESULTS=@@CHARACTER_SET_RESULTS */;
/*!40101 SET @OLD_COLLATION_CONNECTION=@@COLLATION_CONNECTION */;
/*!40101 SET NAMES utf8mb4 */;

--
-- Base de datos: `empleados`
--

-- --------------------------------------------------------

--
-- Estructura de tabla para la tabla `administrador`
--

CREATE TABLE `administrador` (
  `id_administrador` int(11) NOT NULL,
  `usuario` varchar(50) NOT NULL,
  `contraseña` varchar(100) NOT NULL
) ENGINE=InnoDB DEFAULT CHARSET=utf8mb4 COLLATE=utf8mb4_general_ci;

--
-- Volcado de datos para la tabla `administrador`
--

INSERT INTO `administrador` (`id_administrador`, `usuario`, `contraseña`) VALUES
(1, 'admin', 'admin');

-- --------------------------------------------------------

--
-- Estructura de tabla para la tabla `asistencia`
--

CREATE TABLE `asistencia` (
  `id_asistencia` int(11) NOT NULL,
  `fecha` date NOT NULL,
  `hora_entrada` time DEFAULT NULL,
  `hora_salida` time DEFAULT NULL,
  `id_empleado` int(11) DEFAULT NULL
) ENGINE=InnoDB DEFAULT CHARSET=utf8mb4 COLLATE=utf8mb4_general_ci;

--
-- Volcado de datos para la tabla `asistencia`
--

INSERT INTO `asistencia` (`id_asistencia`, `fecha`, `hora_entrada`, `hora_salida`, `id_empleado`) VALUES
(15, '2025-01-01', '06:00:00', '14:00:00', 1),
(16, '2025-01-01', '06:00:00', '14:00:00', 2),
(17, '2025-01-01', '07:00:00', '15:00:00', 3),
(18, '2025-01-01', '07:00:00', '15:00:00', 4),
(19, '2025-01-01', '07:00:00', '15:00:00', 5),
(20, '2025-01-01', '09:00:00', '17:00:00', 6),
(21, '2025-01-01', '09:00:00', '17:00:00', 7),
(22, '2025-01-01', '10:00:00', '18:00:00', 8),
(23, '2025-01-01', '10:00:00', '18:00:00', 9),
(24, '2025-01-01', '08:00:00', '16:00:00', 10),
(25, '2025-01-01', '10:00:00', '18:00:00', 11),
(26, '2025-01-01', '13:00:00', '21:00:00', 12),
(27, '2025-01-01', '13:00:00', '21:00:00', 20),
(28, '2025-01-04', '06:03:00', '14:00:00', 1),
(29, '2025-01-04', '06:00:00', '14:00:00', 2),
(30, '2025-01-04', '07:02:00', '15:01:00', 3),
(31, '2025-01-04', '07:10:00', '15:00:00', 4),
(32, '2025-01-04', '07:00:00', '15:05:00', 5),
(33, '2025-01-04', '09:09:00', '17:03:00', 6),
(34, '2025-01-04', '09:00:00', '17:06:00', 7),
(35, '2025-01-04', '10:02:00', '18:05:00', 8),
(36, '2025-01-04', '10:04:00', '18:02:00', 9),
(37, '2025-01-04', '08:02:00', '16:03:00', 10),
(38, '2025-01-04', '10:02:00', '18:05:00', 11),
(39, '2025-01-04', '13:00:00', '21:00:00', 12),
(40, '2025-01-04', '13:01:00', '21:02:00', 20),
(41, '2025-01-06', '06:02:00', '14:03:00', 1),
(42, '2025-01-06', '06:00:00', '14:00:00', 2),
(43, '2025-01-06', '07:03:00', '15:05:00', 3),
(44, '2025-01-06', '07:01:00', '15:00:00', 4),
(45, '2025-01-06', '07:00:00', '15:04:00', 5),
(46, '2025-01-06', '09:01:00', '17:02:00', 6),
(47, '2025-01-06', '09:05:00', '17:06:00', 7),
(48, '2025-01-06', '10:00:00', '18:00:00', 8),
(49, '2025-01-06', '10:03:00', '18:03:00', 9),
(50, '2025-01-06', '08:01:00', '16:05:00', 10),
(51, '2025-01-06', '10:06:00', '18:00:00', 11),
(52, '2025-01-06', '13:00:00', '21:00:00', 12),
(53, '2025-01-06', '13:05:00', '21:00:00', 20),
(54, '2025-01-07', '06:02:00', '14:01:00', 1),
(55, '2025-01-07', '06:00:00', '14:05:00', 2),
(56, '2025-01-07', '07:05:00', '15:02:00', 3),
(57, '2025-01-07', '07:07:00', '15:03:00', 4),
(58, '2025-01-07', '07:04:00', '15:00:00', 5),
(59, '2025-01-07', '09:00:00', '17:02:00', 6),
(60, '2025-01-07', '09:07:00', '17:03:00', 7),
(61, '2025-01-07', '10:02:00', '18:05:00', 8),
(62, '2025-01-07', '10:01:00', '18:04:00', 9),
(63, '2025-01-07', '08:05:00', '16:02:00', 10),
(64, '2025-01-07', '10:02:00', '18:03:00', 11),
(65, '2025-01-07', '13:01:00', '21:01:00', 12),
(66, '2025-01-07', '13:00:00', '21:00:00', 20),
(67, '2025-01-08', '06:00:00', '14:00:00', 1),
(68, '2025-01-08', '06:00:00', '14:00:00', 2),
(69, '2025-01-08', '07:02:00', '15:02:00', 3),
(70, '2025-01-08', '07:03:00', '15:04:00', 4),
(71, '2025-01-08', '07:00:00', '15:02:00', 5),
(72, '2025-01-08', '09:02:00', '17:00:00', 6),
(73, '2025-01-08', '09:06:00', '17:01:00', 7),
(74, '2025-01-08', '10:03:00', '18:00:00', 8),
(75, '2025-01-08', '10:01:00', '18:02:00', 9),
(76, '2025-01-08', '08:05:00', '16:00:00', 10),
(77, '2025-01-08', '10:05:00', '18:03:00', 11),
(78, '2025-01-08', '13:00:00', '21:01:00', 12),
(79, '2025-01-08', '13:03:00', '21:02:00', 20),
(80, '2025-01-09', '06:00:00', '14:00:00', 1),
(81, '2025-01-09', '06:05:00', '14:05:00', 2),
(82, '2025-01-09', '07:04:00', '15:00:00', 3),
(83, '2025-01-09', '07:02:00', '15:04:00', 4),
(84, '2025-01-09', '07:01:00', '15:02:00', 5),
(85, '2025-01-09', '09:00:00', '17:02:00', 6),
(86, '2025-01-09', '09:05:00', '17:05:00', 7),
(87, '2025-01-09', '10:00:00', '18:02:00', 8),
(88, '2025-01-09', '10:02:00', '18:03:00', 9),
(89, '2025-01-09', '08:02:00', '16:01:00', 10),
(90, '2025-01-09', '10:01:00', '18:05:00', 11),
(91, '2025-01-09', '13:03:00', '21:00:00', 12),
(92, '2025-01-09', '13:00:00', '21:01:00', 20),
(93, '2025-01-10', '06:02:00', '14:01:00', 1),
(94, '2025-01-10', '06:00:00', '14:05:00', 2),
(95, '2025-01-10', '07:03:00', '15:02:00', 3),
(96, '2025-01-10', '07:05:00', '15:03:00', 4),
(97, '2025-01-10', '07:01:00', '15:01:00', 5),
(98, '2025-01-10', '09:01:00', '17:01:00', 6),
(99, '2025-01-10', '09:00:00', '17:00:00', 7),
(100, '2025-01-10', '10:00:00', '18:00:00', 8),
(101, '2025-01-10', '10:02:00', '18:01:00', 9),
(102, '2025-01-10', '08:02:00', '16:00:00', 10),
(103, '2025-01-10', '10:01:00', '18:00:00', 11),
(104, '2025-01-10', '13:02:00', '21:00:00', 12),
(105, '2025-01-10', '13:01:00', '21:01:00', 20),
(106, '2025-01-11', '06:01:00', '14:00:00', 1),
(107, '2025-01-11', '06:04:00', '14:03:00', 2),
(108, '2025-01-11', '07:02:00', '15:01:00', 3),
(109, '2025-01-11', '07:00:00', '15:02:00', 4),
(110, '2025-01-11', '07:03:00', '15:04:00', 5),
(111, '2025-01-11', '09:00:00', '17:02:00', 6),
(112, '2025-01-11', '09:03:00', '17:05:00', 7),
(113, '2025-01-11', '10:01:00', '18:00:00', 8),
(114, '2025-01-11', '10:02:00', '18:02:00', 9),
(115, '2025-01-11', '08:00:00', '16:00:00', 10),
(116, '2025-01-11', '10:01:00', '18:03:00', 11),
(117, '2025-01-11', '13:00:00', '21:02:00', 12),
(118, '2025-01-11', '13:01:00', '21:00:00', 20),
(119, '2025-01-13', '06:02:00', '14:01:00', 1),
(120, '2025-01-13', '06:01:00', '14:00:00', 2),
(121, '2025-01-13', '07:03:00', '15:01:00', 3),
(122, '2025-01-13', '07:05:00', '15:02:00', 4),
(123, '2025-01-13', '07:00:00', '15:03:00', 5),
(124, '2025-01-13', '09:00:00', '17:03:00', 6),
(125, '2025-01-13', '09:06:00', '17:04:00', 7),
(126, '2025-01-13', '10:03:00', '18:05:00', 8),
(127, '2025-01-13', '10:00:00', '18:02:00', 9),
(128, '2025-01-13', '08:01:00', '16:00:00', 10),
(129, '2025-01-13', '10:02:00', '18:01:00', 11),
(130, '2025-01-13', '13:02:00', '21:00:00', 12),
(131, '2025-01-13', '13:03:00', '21:02:00', 20),
(132, '2025-01-14', '06:03:00', '14:02:00', 1),
(133, '2025-01-14', '06:05:00', '14:00:00', 2),
(134, '2025-01-14', '07:00:00', '15:02:00', 3),
(135, '2025-01-14', '07:02:00', '15:01:00', 4),
(136, '2025-01-14', '07:04:00', '15:03:00', 5),
(137, '2025-01-14', '09:00:00', '17:05:00', 6),
(138, '2025-01-14', '09:01:00', '17:02:00', 7),
(139, '2025-01-14', '10:02:00', '18:00:00', 8),
(140, '2025-01-14', '10:01:00', '18:01:00', 9),
(141, '2025-01-14', '08:03:00', '16:01:00', 10),
(142, '2025-01-14', '10:04:00', '18:02:00', 11),
(143, '2025-01-14', '13:03:00', '21:00:00', 12),
(144, '2025-01-14', '13:00:00', '21:01:00', 20),
(145, '2025-01-15', '06:01:00', '14:00:00', 1),
(146, '2025-01-15', '06:03:00', '14:01:00', 2),
(147, '2025-01-15', '07:04:00', '15:02:00', 3),
(148, '2025-01-15', '07:01:00', '15:01:00', 4),
(149, '2025-01-15', '07:03:00', '15:04:00', 5),
(150, '2025-01-15', '09:00:00', '17:02:00', 6),
(151, '2025-01-15', '09:02:00', '17:03:00', 7),
(152, '2025-01-15', '10:03:00', '18:01:00', 8),
(153, '2025-01-15', '10:00:00', '18:03:00', 9),
(154, '2025-01-15', '08:01:00', '16:02:00', 10),
(155, '2025-01-15', '10:02:00', '18:04:00', 11),
(156, '2025-01-15', '13:02:00', '21:00:00', 12),
(157, '2025-01-15', '13:01:00', '21:01:00', 20),
(158, '2025-01-16', '06:00:00', '14:02:00', 1),
(159, '2025-01-16', '06:05:00', '14:00:00', 2),
(160, '2025-01-16', '07:02:00', '15:00:00', 3),
(161, '2025-01-16', '07:01:00', '15:03:00', 4),
(162, '2025-01-16', '07:00:00', '15:02:00', 5),
(163, '2025-01-16', '09:01:00', '17:03:00', 6),
(164, '2025-01-16', '09:00:00', '17:01:00', 7),
(165, '2025-01-16', '10:00:00', '18:02:00', 8),
(166, '2025-01-16', '10:02:00', '18:03:00', 9),
(167, '2025-01-16', '08:03:00', '16:01:00', 10),
(168, '2025-01-16', '10:01:00', '18:00:00', 11),
(169, '2025-01-16', '13:00:00', '21:02:00', 12),
(170, '2025-01-16', '13:02:00', '21:03:00', 20),
(171, '2025-01-17', '06:02:00', '14:03:00', 1),
(172, '2025-01-17', '06:01:00', '14:01:00', 2),
(173, '2025-01-17', '07:01:00', '15:00:00', 3),
(174, '2025-01-17', '07:05:00', '15:02:00', 4),
(175, '2025-01-17', '07:02:00', '15:03:00', 5),
(176, '2025-01-17', '09:00:00', '17:02:00', 6),
(177, '2025-01-17', '09:04:00', '17:04:00', 7),
(178, '2025-01-17', '10:01:00', '18:02:00', 8),
(179, '2025-01-17', '10:03:00', '18:03:00', 9),
(180, '2025-01-17', '08:02:00', '16:00:00', 10),
(181, '2025-01-17', '10:00:00', '18:00:00', 11),
(182, '2025-01-17', '13:00:00', '21:00:00', 12),
(183, '2025-01-17', '13:02:00', '21:01:00', 20),
(184, '2025-01-18', '06:03:00', '14:01:00', 1),
(185, '2025-01-18', '06:00:00', '14:02:00', 2),
(186, '2025-01-18', '07:02:00', '15:02:00', 3),
(187, '2025-01-18', '07:00:00', '15:00:00', 4),
(188, '2025-01-18', '07:01:00', '15:03:00', 5),
(189, '2025-01-18', '09:01:00', '17:02:00', 6),
(190, '2025-01-18', '09:03:00', '17:00:00', 7),
(191, '2025-01-18', '10:01:00', '18:00:00', 8),
(192, '2025-01-18', '10:02:00', '18:01:00', 9),
(193, '2025-01-18', '08:01:00', '16:01:00', 10),
(194, '2025-01-18', '10:00:00', '18:02:00', 11),
(195, '2025-01-18', '13:02:00', '21:01:00', 12),
(196, '2025-01-18', '13:01:00', '21:03:00', 20),
(197, '2025-01-20', '06:00:00', '14:01:00', 1),
(198, '2025-01-20', '06:04:00', '14:02:00', 2),
(199, '2025-01-20', '07:01:00', '15:00:00', 3),
(200, '2025-01-20', '07:00:00', '15:01:00', 4),
(201, '2025-01-20', '07:05:00', '15:03:00', 5),
(202, '2025-01-20', '09:00:00', '17:02:00', 6),
(203, '2025-01-20', '09:03:00', '17:03:00', 7),
(204, '2025-01-20', '10:00:00', '18:02:00', 8),
(205, '2025-01-20', '10:01:00', '18:03:00', 9),
(206, '2025-01-20', '08:02:00', '16:00:00', 10),
(207, '2025-01-20', '10:02:00', '18:01:00', 11),
(208, '2025-01-20', '13:01:00', '21:00:00', 12),
(209, '2025-01-20', '13:02:00', '21:01:00', 20),
(210, '2025-01-21', '06:02:00', '14:00:00', 1),
(211, '2025-01-21', '06:00:00', '14:02:00', 2),
(212, '2025-01-21', '07:00:00', '15:01:00', 3),
(213, '2025-01-21', '07:05:00', '15:02:00', 4),
(214, '2025-01-21', '07:03:00', '15:00:00', 5),
(215, '2025-01-21', '09:01:00', '17:02:00', 6),
(216, '2025-01-21', '09:00:00', '17:03:00', 7),
(217, '2025-01-21', '10:01:00', '18:01:00', 8),
(218, '2025-01-21', '10:02:00', '18:00:00', 9),
(219, '2025-01-21', '08:02:00', '16:01:00', 10),
(220, '2025-01-21', '10:03:00', '18:03:00', 11),
(221, '2025-01-21', '13:01:00', '21:02:00', 12),
(222, '2025-01-21', '13:00:00', '21:00:00', 20),
(223, '2025-01-22', '06:03:00', '14:01:00', 1),
(224, '2025-01-22', '06:01:00', '14:02:00', 2),
(225, '2025-01-22', '07:02:00', '15:03:00', 3),
(226, '2025-01-22', '07:01:00', '15:00:00', 4),
(227, '2025-01-22', '07:03:00', '15:01:00', 5),
(228, '2025-01-22', '09:02:00', '17:00:00', 6),
(229, '2025-01-22', '09:00:00', '17:02:00', 7),
(230, '2025-01-22', '10:01:00', '18:00:00', 8),
(231, '2025-01-22', '10:03:00', '18:01:00', 9),
(232, '2025-01-22', '08:01:00', '16:02:00', 10),
(233, '2025-01-22', '10:02:00', '18:03:00', 11),
(234, '2025-01-22', '13:00:00', '21:01:00', 12),
(235, '2025-01-22', '13:02:00', '21:02:00', 20),
(236, '2025-01-23', '06:01:00', '14:03:00', 1),
(237, '2025-01-23', '06:04:00', '14:01:00', 2),
(238, '2025-01-23', '07:00:00', '15:00:00', 3),
(239, '2025-01-23', '07:02:00', '15:02:00', 4),
(240, '2025-01-23', '07:04:00', '15:03:00', 5),
(241, '2025-01-23', '09:01:00', '17:00:00', 6),
(242, '2025-01-23', '09:03:00', '17:01:00', 7),
(243, '2025-01-23', '10:02:00', '18:01:00', 8),
(244, '2025-01-23', '10:00:00', '18:03:00', 9),
(245, '2025-01-23', '08:03:00', '16:00:00', 10),
(246, '2025-01-23', '10:01:00', '18:02:00', 11),
(247, '2025-01-23', '13:02:00', '21:00:00', 12),
(248, '2025-01-23', '13:01:00', '21:03:00', 20),
(249, '2025-01-24', '06:02:00', '14:00:00', 1),
(250, '2025-01-24', '06:01:00', '14:02:00', 2),
(251, '2025-01-24', '07:03:00', '15:01:00', 3),
(252, '2025-01-24', '07:01:00', '15:02:00', 4),
(253, '2025-01-24', '07:00:00', '15:03:00', 5),
(254, '2025-01-24', '09:01:00', '17:02:00', 6),
(255, '2025-01-24', '09:03:00', '17:01:00', 7),
(256, '2025-01-24', '10:00:00', '18:03:00', 8),
(257, '2025-01-24', '10:01:00', '18:00:00', 9),
(258, '2025-01-24', '08:02:00', '16:01:00', 10),
(259, '2025-01-24', '10:03:00', '18:01:00', 11),
(260, '2025-01-24', '13:02:00', '21:03:00', 12),
(261, '2025-01-24', '13:03:00', '21:00:00', 20),
(262, '2025-01-25', '06:00:00', '14:01:00', 1),
(263, '2025-01-25', '06:02:00', '14:03:00', 2),
(264, '2025-01-25', '07:00:00', '15:01:00', 3),
(265, '2025-01-25', '07:03:00', '15:00:00', 4),
(266, '2025-01-25', '07:02:00', '15:02:00', 5),
(267, '2025-01-25', '09:03:00', '17:02:00', 6),
(268, '2025-01-25', '09:01:00', '17:00:00', 7),
(269, '2025-01-25', '10:02:00', '18:00:00', 8),
(270, '2025-01-25', '10:01:00', '18:01:00', 9),
(271, '2025-01-25', '08:03:00', '16:00:00', 10),
(272, '2025-01-25', '10:00:00', '18:02:00', 11),
(273, '2025-01-25', '13:01:00', '21:03:00', 12),
(274, '2025-01-25', '13:00:00', '21:01:00', 20),
(275, '2025-01-27', '06:01:00', '14:01:00', 1),
(276, '2025-01-27', '06:03:00', '14:00:00', 2),
(277, '2025-01-27', '07:00:00', '15:03:00', 3),
(278, '2025-01-27', '07:02:00', '15:01:00', 4),
(279, '2025-01-27', '07:03:00', '15:00:00', 5),
(280, '2025-01-27', '09:00:00', '17:02:00', 6),
(281, '2025-01-27', '09:01:00', '17:03:00', 7),
(282, '2025-01-27', '10:01:00', '18:02:00', 8),
(283, '2025-01-27', '10:03:00', '18:01:00', 9),
(284, '2025-01-27', '08:00:00', '16:01:00', 10),
(285, '2025-01-27', '10:00:00', '18:02:00', 11),
(286, '2025-01-27', '13:01:00', '21:01:00', 12),
(287, '2025-01-27', '13:00:00', '21:03:00', 20),
(288, '2025-01-28', '06:03:00', '14:02:00', 1),
(289, '2025-01-28', '06:01:00', '14:03:00', 2),
(290, '2025-01-28', '07:02:00', '15:01:00', 3),
(291, '2025-01-28', '07:03:00', '15:00:00', 4),
(292, '2025-01-28', '07:00:00', '15:03:00', 5),
(293, '2025-01-28', '09:03:00', '17:00:00', 6),
(294, '2025-01-28', '09:01:00', '17:02:00', 7),
(295, '2025-01-28', '10:02:00', '18:00:00', 8),
(296, '2025-01-28', '10:00:00', '18:02:00', 9),
(297, '2025-01-28', '08:01:00', '16:03:00', 10),
(298, '2025-01-28', '10:03:00', '18:01:00', 11),
(299, '2025-01-28', '13:00:00', '21:00:00', 12),
(300, '2025-01-28', '13:02:00', '21:01:00', 20),
(301, '2025-01-29', '06:02:00', '14:01:00', 1),
(302, '2025-01-29', '06:00:00', '14:00:00', 2),
(303, '2025-01-29', '07:03:00', '15:02:00', 3),
(304, '2025-01-29', '07:01:00', '15:01:00', 4),
(305, '2025-01-29', '07:02:00', '15:00:00', 5),
(306, '2025-01-29', '09:01:00', '17:02:00', 6),
(307, '2025-01-29', '09:03:00', '17:01:00', 7),
(308, '2025-01-29', '10:01:00', '18:00:00', 8),
(309, '2025-01-29', '10:02:00', '18:01:00', 9),
(310, '2025-01-29', '08:03:00', '16:02:00', 10),
(311, '2025-01-29', '10:00:00', '18:00:00', 11),
(312, '2025-01-29', '13:01:00', '21:02:00', 12),
(313, '2025-01-29', '13:00:00', '21:03:00', 20),
(314, '2025-01-30', '06:01:00', '14:00:00', 1),
(315, '2025-01-30', '06:00:00', '14:02:00', 2),
(316, '2025-01-30', '07:02:00', '15:03:00', 3),
(317, '2025-01-30', '07:00:00', '15:02:00', 4),
(318, '2025-01-30', '07:01:00', '15:00:00', 5),
(319, '2025-01-30', '09:03:00', '17:00:00', 6),
(320, '2025-01-30', '09:00:00', '17:02:00', 7),
(321, '2025-01-30', '10:01:00', '18:02:00', 8),
(322, '2025-01-30', '10:02:00', '18:01:00', 9),
(323, '2025-01-30', '08:02:00', '16:01:00', 10),
(324, '2025-01-30', '10:00:00', '18:00:00', 11),
(325, '2025-01-30', '13:02:00', '21:03:00', 12),
(326, '2025-01-30', '13:03:00', '21:00:00', 20),
(327, '2025-01-31', '06:02:00', '14:01:00', 1),
(328, '2025-01-31', '06:03:00', '14:00:00', 2),
(329, '2025-01-31', '07:00:00', '15:01:00', 3),
(330, '2025-01-31', '07:02:00', '15:03:00', 4),
(331, '2025-01-31', '07:03:00', '15:02:00', 5),
(332, '2025-01-31', '09:02:00', '17:01:00', 6),
(333, '2025-01-31', '09:03:00', '17:02:00', 7),
(334, '2025-01-31', '10:00:00', '18:01:00', 8),
(335, '2025-01-31', '10:02:00', '18:00:00', 9),
(336, '2025-01-31', '08:01:00', '16:02:00', 10),
(337, '2025-01-31', '10:01:00', '18:03:00', 11),
(338, '2025-01-31', '13:00:00', '21:00:00', 12),
(339, '2025-01-31', '13:02:00', '21:03:00', 20),
(340, '2025-02-01', '06:02:00', '14:00:00', 1),
(341, '2025-02-01', '06:00:00', '14:03:00', 2),
(342, '2025-02-01', '07:03:00', '15:02:00', 3),
(343, '2025-02-01', '07:02:00', '15:00:00', 4),
(344, '2025-02-01', '07:01:00', '15:03:00', 5),
(345, '2025-02-01', '09:00:00', '17:01:00', 6),
(346, '2025-02-01', '09:01:00', '17:02:00', 7),
(347, '2025-02-01', '10:02:00', '18:03:00', 8),
(348, '2025-02-01', '10:01:00', '18:00:00', 9),
(349, '2025-02-01', '08:03:00', '16:01:00', 10),
(350, '2025-02-01', '10:00:00', '18:02:00', 11),
(351, '2025-02-01', '13:02:00', '21:00:00', 12),
(352, '2025-02-01', '13:00:00', '21:01:00', 20),
(353, '2025-02-03', '06:01:00', '14:02:00', 1),
(354, '2025-02-03', '06:03:00', '14:01:00', 2),
(355, '2025-02-03', '07:03:00', '15:00:00', 3),
(356, '2025-02-03', '07:00:00', '15:01:00', 4),
(357, '2025-02-03', '07:02:00', '15:03:00', 5),
(358, '2025-02-03', '09:00:00', '17:01:00', 6),
(359, '2025-02-03', '09:01:00', '17:02:00', 7),
(360, '2025-02-03', '10:02:00', '18:01:00', 8),
(361, '2025-02-03', '10:01:00', '18:02:00', 9),
(362, '2025-02-03', '08:03:00', '16:00:00', 10),
(363, '2025-02-03', '10:03:00', '18:00:00', 11),
(364, '2025-02-03', '13:02:00', '21:03:00', 12),
(365, '2025-02-03', '13:00:00', '21:02:00', 20),
(366, '2025-02-04', '06:00:00', '14:01:00', 1),
(367, '2025-02-04', '06:01:00', '14:03:00', 2),
(368, '2025-02-04', '07:02:00', '15:01:00', 3),
(369, '2025-02-04', '07:01:00', '15:00:00', 4),
(370, '2025-02-04', '07:03:00', '15:02:00', 5),
(371, '2025-02-04', '09:00:00', '17:00:00', 6),
(372, '2025-02-04', '09:02:00', '17:02:00', 7),
(373, '2025-02-04', '10:01:00', '18:00:00', 8),
(374, '2025-02-04', '10:03:00', '18:01:00', 9),
(375, '2025-02-04', '08:02:00', '16:00:00', 10),
(376, '2025-02-04', '10:00:00', '18:03:00', 11),
(377, '2025-02-04', '13:00:00', '21:02:00', 12),
(378, '2025-02-04', '13:03:00', '21:00:00', 20),
(379, '2025-02-05', '06:00:00', '14:01:00', 1),
(380, '2025-02-05', '06:03:00', '14:02:00', 2),
(381, '2025-02-05', '07:02:00', '15:00:00', 3),
(382, '2025-02-05', '07:01:00', '15:03:00', 4),
(383, '2025-02-05', '07:00:00', '15:01:00', 5),
(384, '2025-02-05', '09:02:00', '17:00:00', 6),
(385, '2025-02-05', '09:00:00', '17:03:00', 7),
(386, '2025-02-05', '10:01:00', '18:00:00', 8),
(387, '2025-02-05', '10:03:00', '18:02:00', 9),
(388, '2025-02-05', '08:01:00', '16:03:00', 10),
(389, '2025-02-05', '10:00:00', '18:01:00', 11),
(390, '2025-02-05', '13:02:00', '21:00:00', 12),
(391, '2025-02-05', '13:01:00', '21:03:00', 20),
(392, '2025-02-06', '06:01:00', '14:00:00', 1),
(393, '2025-02-06', '06:02:00', '14:01:00', 2),
(394, '2025-02-06', '07:03:00', '15:02:00', 3),
(395, '2025-02-06', '07:00:00', '15:00:00', 4),
(396, '2025-02-06', '07:01:00', '15:01:00', 5),
(397, '2025-02-06', '09:01:00', '17:03:00', 6),
(398, '2025-02-06', '09:00:00', '17:02:00', 7),
(399, '2025-02-06', '10:00:00', '18:00:00', 8),
(400, '2025-02-06', '10:02:00', '18:01:00', 9),
(401, '2025-02-06', '08:02:00', '16:02:00', 10),
(402, '2025-02-06', '10:03:00', '18:03:00', 11),
(403, '2025-02-06', '13:00:00', '21:00:00', 12),
(404, '2025-02-06', '13:01:00', '21:01:00', 20),
(405, '2025-02-07', '06:00:00', '14:02:00', 1),
(406, '2025-02-07', '06:01:00', '14:03:00', 2),
(407, '2025-02-07', '07:02:00', '15:00:00', 3),
(408, '2025-02-07', '07:03:00', '15:01:00', 4),
(409, '2025-02-07', '07:01:00', '15:02:00', 5),
(410, '2025-02-07', '09:03:00', '17:00:00', 6),
(411, '2025-02-07', '09:00:00', '17:01:00', 7),
(412, '2025-02-07', '10:01:00', '18:03:00', 8),
(413, '2025-02-07', '10:00:00', '18:00:00', 9),
(414, '2025-02-07', '08:01:00', '16:03:00', 10),
(415, '2025-02-07', '10:02:00', '18:02:00', 11),
(416, '2025-02-07', '13:03:00', '21:00:00', 12),
(417, '2025-02-07', '13:00:00', '21:02:00', 20),
(418, '2025-02-08', '06:00:00', '14:01:00', 1),
(419, '2025-02-08', '06:03:00', '14:02:00', 2),
(420, '2025-02-08', '07:01:00', '15:00:00', 3),
(421, '2025-02-08', '07:03:00', '15:01:00', 4),
(422, '2025-02-08', '07:00:00', '15:02:00', 5),
(423, '2025-02-08', '09:01:00', '17:01:00', 6),
(424, '2025-02-08', '09:02:00', '17:00:00', 7),
(425, '2025-02-08', '10:01:00', '18:01:00', 8),
(426, '2025-02-08', '10:03:00', '18:03:00', 9),
(427, '2025-02-08', '08:00:00', '16:00:00', 10),
(428, '2025-02-08', '10:02:00', '18:00:00', 11),
(429, '2025-02-08', '13:01:00', '21:00:00', 12),
(430, '2025-02-08', '13:00:00', '21:01:00', 20),
(431, '2025-02-10', '06:01:00', '14:00:00', 1),
(432, '2025-02-10', '06:00:00', '14:03:00', 2),
(433, '2025-02-10', '07:02:00', '15:00:00', 3),
(434, '2025-02-10', '07:03:00', '15:01:00', 4),
(435, '2025-02-10', '07:01:00', '15:03:00', 5),
(436, '2025-02-10', '09:00:00', '17:00:00', 6),
(437, '2025-02-10', '09:02:00', '17:01:00', 7),
(438, '2025-02-10', '10:01:00', '18:00:00', 8),
(439, '2025-02-10', '10:00:00', '18:03:00', 9),
(440, '2025-02-10', '08:00:00', '16:00:00', 10),
(441, '2025-02-10', '10:02:00', '18:01:00', 11),
(442, '2025-02-10', '13:00:00', '21:00:00', 12),
(443, '2025-02-10', '13:01:00', '21:02:00', 20),
(444, '2025-02-11', '06:00:00', '14:01:00', 1),
(445, '2025-02-11', '06:02:00', '14:00:00', 2),
(446, '2025-02-11', '07:00:00', '15:01:00', 3),
(447, '2025-02-11', '07:01:00', '15:02:00', 4),
(448, '2025-02-11', '07:03:00', '15:00:00', 5),
(449, '2025-02-11', '09:00:00', '17:03:00', 6),
(450, '2025-02-11', '09:01:00', '17:02:00', 7),
(451, '2025-02-11', '10:01:00', '18:00:00', 8),
(452, '2025-02-11', '10:00:00', '18:02:00', 9),
(453, '2025-02-11', '08:01:00', '16:01:00', 10),
(454, '2025-02-11', '10:02:00', '18:00:00', 11),
(455, '2025-02-11', '13:02:00', '21:00:00', 12),
(456, '2025-02-11', '13:00:00', '21:01:00', 20),
(457, '2025-02-12', '06:03:00', '14:00:00', 1),
(458, '2025-02-12', '06:01:00', '14:01:00', 2),
(459, '2025-02-12', '07:02:00', '15:03:00', 3),
(460, '2025-02-12', '07:00:00', '15:00:00', 4),
(461, '2025-02-12', '07:01:00', '15:01:00', 5),
(462, '2025-02-12', '09:00:00', '17:00:00', 6),
(463, '2025-02-12', '09:01:00', '17:01:00', 7),
(464, '2025-02-12', '10:00:00', '18:01:00', 8),
(465, '2025-02-12', '10:02:00', '18:00:00', 9),
(466, '2025-02-12', '08:01:00', '16:02:00', 10),
(467, '2025-02-12', '10:03:00', '18:03:00', 11),
(468, '2025-02-12', '13:00:00', '21:00:00', 12),
(469, '2025-02-12', '13:02:00', '21:03:00', 20),
(470, '2025-02-13', '06:00:00', '14:01:00', 1),
(471, '2025-02-13', '06:03:00', '14:00:00', 2),
(472, '2025-02-13', '07:02:00', '15:00:00', 3),
(473, '2025-02-13', '07:01:00', '15:02:00', 4),
(474, '2025-02-13', '07:00:00', '15:03:00', 5),
(475, '2025-02-13', '09:00:00', '17:00:00', 6),
(476, '2025-02-13', '09:02:00', '17:01:00', 7),
(477, '2025-02-13', '10:00:00', '18:00:00', 8),
(478, '2025-02-13', '10:03:00', '18:01:00', 9),
(479, '2025-02-13', '08:00:00', '16:00:00', 10),
(480, '2025-02-13', '10:01:00', '18:03:00', 11),
(481, '2025-02-13', '13:00:00', '21:00:00', 12),
(482, '2025-02-13', '13:02:00', '21:01:00', 20),
(483, '2025-02-14', '06:01:00', '14:00:00', 1),
(484, '2025-02-14', '06:00:00', '14:01:00', 2),
(485, '2025-02-14', '07:00:00', '15:02:00', 3),
(486, '2025-02-14', '07:02:00', '15:00:00', 4),
(487, '2025-02-14', '07:03:00', '15:01:00', 5),
(488, '2025-02-14', '09:01:00', '17:00:00', 6),
(489, '2025-02-14', '09:00:00', '17:02:00', 7),
(490, '2025-02-14', '10:01:00', '18:00:00', 8),
(491, '2025-02-14', '10:00:00', '18:02:00', 9),
(492, '2025-02-14', '08:02:00', '16:00:00', 10),
(493, '2025-02-14', '10:00:00', '18:01:00', 11),
(494, '2025-02-14', '13:01:00', '21:00:00', 12),
(495, '2025-02-14', '13:03:00', '21:02:00', 20),
(496, '2025-02-15', '06:00:00', '14:00:00', 1),
(497, '2025-02-15', '06:01:00', '14:02:00', 2),
(498, '2025-02-15', '07:01:00', '15:00:00', 3),
(499, '2025-02-15', '07:00:00', '15:03:00', 4),
(500, '2025-02-15', '07:02:00', '15:01:00', 5),
(501, '2025-02-15', '09:03:00', '17:00:00', 6),
(502, '2025-02-15', '09:00:00', '17:01:00', 7),
(503, '2025-02-15', '10:00:00', '18:01:00', 8),
(504, '2025-02-15', '10:02:00', '18:00:00', 9),
(505, '2025-02-15', '08:00:00', '16:00:00', 10),
(506, '2025-02-15', '10:01:00', '18:03:00', 11),
(507, '2025-02-15', '13:00:00', '21:02:00', 12),
(508, '2025-02-15', '13:02:00', '21:00:00', 20),
(509, '2025-02-17', '06:00:00', '14:02:00', 1),
(510, '2025-02-17', '06:01:00', '14:01:00', 2),
(511, '2025-02-17', '07:03:00', '15:00:00', 3),
(512, '2025-02-17', '07:00:00', '15:03:00', 4),
(513, '2025-02-17', '07:01:00', '15:02:00', 5),
(514, '2025-02-17', '09:02:00', '17:00:00', 6),
(515, '2025-02-17', '09:00:00', '17:01:00', 7),
(516, '2025-02-17', '10:00:00', '18:02:00', 8),
(517, '2025-02-17', '10:01:00', '18:00:00', 9),
(518, '2025-02-17', '08:00:00', '16:00:00', 10),
(519, '2025-02-17', '10:00:00', '18:00:00', 11),
(520, '2025-02-17', '13:01:00', '21:00:00', 12),
(521, '2025-02-17', '13:00:00', '21:03:00', 20),
(522, '2025-02-18', '06:00:00', '14:00:00', 1),
(523, '2025-02-18', '06:02:00', '14:01:00', 2),
(524, '2025-02-18', '07:01:00', '15:00:00', 3),
(525, '2025-02-18', '07:02:00', '15:02:00', 4),
(526, '2025-02-18', '07:00:00', '15:01:00', 5),
(527, '2025-02-18', '09:00:00', '17:03:00', 6),
(528, '2025-02-18', '09:03:00', '17:00:00', 7),
(529, '2025-02-18', '10:01:00', '18:00:00', 8),
(530, '2025-02-18', '10:00:00', '18:01:00', 9),
(531, '2025-02-18', '08:02:00', '16:00:00', 10),
(532, '2025-02-18', '10:00:00', '18:02:00', 11),
(533, '2025-02-18', '13:00:00', '21:00:00', 12),
(534, '2025-02-18', '13:01:00', '21:02:00', 20),
(535, '2025-02-19', '06:01:00', '14:01:00', 1),
(536, '2025-02-19', '06:00:00', '14:03:00', 2),
(537, '2025-02-19', '07:01:00', '15:00:00', 3),
(538, '2025-02-19', '07:03:00', '15:01:00', 4),
(539, '2025-02-19', '07:00:00', '15:00:00', 5),
(540, '2025-02-19', '09:00:00', '17:02:00', 6),
(541, '2025-02-19', '09:01:00', '17:01:00', 7),
(542, '2025-02-19', '10:00:00', '18:01:00', 8),
(543, '2025-02-19', '10:02:00', '18:00:00', 9),
(544, '2025-02-19', '08:00:00', '16:00:00', 10),
(545, '2025-02-19', '10:00:00', '18:03:00', 11),
(546, '2025-02-19', '13:00:00', '21:00:00', 12),
(547, '2025-02-19', '13:01:00', '21:03:00', 20),
(548, '2025-02-20', '06:00:00', '14:00:00', 1),
(549, '2025-02-20', '06:02:00', '14:01:00', 2),
(550, '2025-02-20', '07:00:00', '15:00:00', 3),
(551, '2025-02-20', '07:01:00', '15:01:00', 4),
(552, '2025-02-20', '07:03:00', '15:02:00', 5),
(553, '2025-02-20', '09:01:00', '17:00:00', 6),
(554, '2025-02-20', '09:00:00', '17:03:00', 7),
(555, '2025-02-20', '10:01:00', '18:00:00', 8),
(556, '2025-02-20', '10:00:00', '18:01:00', 9),
(557, '2025-02-20', '08:00:00', '16:02:00', 10),
(558, '2025-02-20', '10:00:00', '18:00:00', 11),
(559, '2025-02-20', '13:00:00', '21:00:00', 12),
(560, '2025-02-20', '13:02:00', '21:01:00', 20),
(561, '2025-02-21', '06:01:00', '14:01:00', 1),
(562, '2025-02-21', '06:00:00', '14:03:00', 2),
(563, '2025-02-21', '07:02:00', '15:00:00', 3),
(564, '2025-02-21', '07:00:00', '15:01:00', 4),
(565, '2025-02-21', '07:01:00', '15:02:00', 5),
(566, '2025-02-21', '09:03:00', '17:00:00', 6),
(567, '2025-02-21', '09:00:00', '17:02:00', 7),
(568, '2025-02-21', '10:00:00', '18:01:00', 8),
(569, '2025-02-21', '10:01:00', '18:03:00', 9),
(570, '2025-02-21', '08:00:00', '16:00:00', 10),
(571, '2025-02-21', '10:00:00', '18:02:00', 11),
(572, '2025-02-21', '13:00:00', '21:01:00', 12),
(573, '2025-02-21', '13:01:00', '21:03:00', 20),
(574, '2025-02-22', '06:00:00', '14:00:00', 1),
(575, '2025-02-22', '06:01:00', '14:01:00', 2),
(576, '2025-02-22', '07:00:00', '15:00:00', 3),
(577, '2025-02-22', '07:01:00', '15:01:00', 4),
(578, '2025-02-22', '07:02:00', '15:02:00', 5),
(579, '2025-02-22', '09:00:00', '17:00:00', 6),
(580, '2025-02-22', '09:01:00', '17:01:00', 7),
(581, '2025-02-22', '10:00:00', '18:00:00', 8),
(582, '2025-02-22', '10:01:00', '18:01:00', 9),
(583, '2025-02-22', '08:00:00', '16:00:00', 10),
(584, '2025-02-22', '10:00:00', '18:03:00', 11),
(585, '2025-02-22', '13:00:00', '21:00:00', 12),
(586, '2025-02-22', '13:02:00', '21:02:00', 20),
(587, '2025-02-24', '06:00:00', '14:01:00', 1),
(588, '2025-02-24', '06:01:00', '14:00:00', 2),
(589, '2025-02-24', '07:01:00', '15:00:00', 3),
(590, '2025-02-24', '07:00:00', '15:01:00', 4),
(591, '2025-02-24', '07:02:00', '15:02:00', 5),
(592, '2025-02-24', '09:00:00', '17:00:00', 6),
(593, '2025-02-24', '09:01:00', '17:02:00', 7),
(594, '2025-02-24', '10:00:00', '18:00:00', 8),
(595, '2025-02-24', '10:01:00', '18:03:00', 9),
(596, '2025-02-24', '08:00:00', '16:00:00', 10),
(597, '2025-02-24', '10:00:00', '18:01:00', 11),
(598, '2025-02-24', '13:01:00', '21:00:00', 12),
(599, '2025-02-24', '13:00:00', '21:01:00', 20),
(600, '2025-02-25', '06:00:00', '14:00:00', 1),
(601, '2025-02-25', '06:02:00', '14:01:00', 2),
(602, '2025-02-25', '07:00:00', '15:00:00', 3),
(603, '2025-02-25', '07:01:00', '15:02:00', 4),
(604, '2025-02-25', '07:03:00', '15:01:00', 5),
(605, '2025-02-25', '09:00:00', '17:01:00', 6),
(606, '2025-02-25', '09:03:00', '17:00:00', 7),
(607, '2025-02-25', '10:01:00', '18:01:00', 8),
(608, '2025-02-25', '10:00:00', '18:03:00', 9),
(609, '2025-02-25', '08:01:00', '16:01:00', 10),
(610, '2025-02-25', '10:02:00', '18:02:00', 11),
(611, '2025-02-25', '13:00:00', '21:00:00', 12),
(612, '2025-02-25', '13:02:00', '21:02:00', 20),
(613, '2025-02-26', '06:01:00', '14:00:00', 1),
(614, '2025-02-26', '06:00:00', '14:02:00', 2),
(615, '2025-02-26', '07:01:00', '15:01:00', 3),
(616, '2025-02-26', '07:00:00', '15:02:00', 4),
(617, '2025-02-26', '07:03:00', '15:03:00', 5),
(618, '2025-02-26', '09:01:00', '17:02:00', 6),
(619, '2025-02-26', '09:00:00', '17:01:00', 7),
(620, '2025-02-26', '10:00:00', '18:00:00', 8),
(621, '2025-02-26', '10:02:00', '18:02:00', 9),
(622, '2025-02-26', '08:00:00', '16:00:00', 10),
(623, '2025-02-26', '10:00:00', '18:01:00', 11),
(624, '2025-02-26', '13:01:00', '21:01:00', 12),
(625, '2025-02-26', '13:00:00', '21:00:00', 20),
(626, '2025-02-27', '06:00:00', '14:00:00', 1),
(627, '2025-02-27', '06:01:00', '14:01:00', 2),
(628, '2025-02-27', '07:00:00', '15:00:00', 3),
(629, '2025-02-27', '07:02:00', '15:01:00', 4),
(630, '2025-02-27', '07:01:00', '15:02:00', 5),
(631, '2025-02-27', '09:01:00', '17:00:00', 6),
(632, '2025-02-27', '09:00:00', '17:01:00', 7),
(633, '2025-02-27', '10:00:00', '18:00:00', 8),
(634, '2025-02-27', '10:02:00', '18:01:00', 9),
(635, '2025-02-27', '08:00:00', '16:01:00', 10),
(636, '2025-02-27', '10:00:00', '18:00:00', 11),
(637, '2025-02-27', '13:01:00', '21:01:00', 12),
(638, '2025-02-27', '13:00:00', '21:00:00', 20),
(639, '2025-02-28', '06:02:00', '14:02:00', 1),
(640, '2025-02-28', '06:00:00', '14:00:00', 2),
(641, '2025-02-28', '07:01:00', '15:01:00', 3),
(642, '2025-02-28', '07:00:00', '15:00:00', 4),
(643, '2025-02-28', '07:02:00', '15:02:00', 5),
(644, '2025-02-28', '09:00:00', '17:00:00', 6),
(645, '2025-02-28', '09:01:00', '17:01:00', 7),
(646, '2025-02-28', '10:00:00', '18:00:00', 8),
(647, '2025-02-28', '10:01:00', '18:02:00', 9),
(648, '2025-02-28', '08:01:00', '16:01:00', 10),
(649, '2025-02-28', '10:00:00', '18:00:00', 11),
(650, '2025-02-28', '13:01:00', '21:00:00', 12),
(651, '2025-02-28', '13:00:00', '21:01:00', 20),
(652, '2025-03-01', '06:00:00', '14:00:00', 1),
(653, '2025-03-01', '06:00:00', '14:00:00', 2),
(654, '2025-03-01', '07:00:00', '15:00:00', 3),
(655, '2025-03-01', '07:00:00', '15:00:00', 4),
(656, '2025-03-01', '07:00:00', '15:00:00', 5),
(657, '2025-03-01', '09:00:00', '17:00:00', 6),
(658, '2025-03-01', '09:00:00', '17:00:00', 7),
(659, '2025-03-01', '10:00:00', '18:00:00', 8),
(660, '2025-03-01', '10:00:00', '18:00:00', 9),
(661, '2025-03-01', '08:00:00', '16:00:00', 10),
(662, '2025-03-01', '10:00:00', '18:00:00', 11),
(663, '2025-03-01', '13:00:00', '21:00:00', 12),
(664, '2025-03-01', '13:00:00', '21:00:00', 20),
(665, '2025-03-03', '06:00:00', '14:00:00', 1),
(666, '2025-03-03', '06:00:00', '14:00:00', 2),
(667, '2025-03-03', '07:00:00', '15:00:00', 3),
(668, '2025-03-03', '07:00:00', '15:00:00', 4),
(669, '2025-03-03', '07:00:00', '15:00:00', 5),
(670, '2025-03-03', '09:00:00', '17:00:00', 6),
(671, '2025-03-03', '09:00:00', '17:00:00', 7),
(672, '2025-03-03', '10:00:00', '18:00:00', 8),
(673, '2025-03-03', '10:00:00', '18:00:00', 9),
(674, '2025-03-03', '08:00:00', '16:00:00', 10),
(675, '2025-03-03', '10:00:00', '18:00:00', 11),
(676, '2025-03-03', '13:00:00', '21:00:00', 12),
(677, '2025-03-03', '13:00:00', '21:00:00', 20),
(678, '2025-03-04', '06:00:00', '14:00:00', 1),
(679, '2025-03-04', '06:00:00', '14:00:00', 2),
(680, '2025-03-04', '07:00:00', '15:00:00', 3),
(681, '2025-03-04', '07:00:00', '15:00:00', 4),
(682, '2025-03-04', '07:00:00', '15:00:00', 5),
(683, '2025-03-04', '09:00:00', '17:00:00', 6),
(684, '2025-03-04', '09:00:00', '17:00:00', 7),
(685, '2025-03-04', '10:00:00', '18:00:00', 8),
(686, '2025-03-04', '10:00:00', '18:00:00', 9),
(687, '2025-03-04', '08:00:00', '16:00:00', 10),
(688, '2025-03-04', '10:00:00', '18:00:00', 11),
(689, '2025-03-04', '13:00:00', '21:00:00', 12),
(690, '2025-03-04', '13:00:00', '21:00:00', 20),
(691, '2025-03-05', '06:00:00', '14:00:00', 1),
(692, '2025-03-05', '06:00:00', '14:00:00', 2),
(693, '2025-03-05', '07:00:00', '15:00:00', 3),
(694, '2025-03-05', '07:00:00', '15:00:00', 4),
(695, '2025-03-05', '07:00:00', '15:00:00', 5),
(696, '2025-03-05', '09:00:00', '17:00:00', 6),
(697, '2025-03-05', '09:00:00', '17:00:00', 7),
(698, '2025-03-05', '10:00:00', '18:00:00', 8),
(699, '2025-03-05', '10:00:00', '18:00:00', 9),
(700, '2025-03-05', '08:00:00', '16:00:00', 10),
(701, '2025-03-05', '10:00:00', '18:00:00', 11),
(702, '2025-03-05', '13:00:00', '21:00:00', 12),
(703, '2025-03-05', '13:00:00', '21:00:00', 20),
(704, '2025-03-06', '06:00:00', '14:00:00', 1),
(705, '2025-03-06', '06:00:00', '14:00:00', 2),
(706, '2025-03-06', '07:00:00', '15:00:00', 3),
(707, '2025-03-06', '07:00:00', '15:00:00', 4),
(708, '2025-03-06', '07:00:00', '15:00:00', 5),
(709, '2025-03-06', '09:00:00', '17:00:00', 6),
(710, '2025-03-06', '09:00:00', '17:00:00', 7),
(711, '2025-03-06', '10:00:00', '18:00:00', 8),
(712, '2025-03-06', '10:00:00', '18:00:00', 9),
(713, '2025-03-06', '08:00:00', '16:00:00', 10),
(714, '2025-03-06', '10:00:00', '18:00:00', 11),
(715, '2025-03-06', '13:00:00', '21:00:00', 12),
(716, '2025-03-06', '13:00:00', '21:00:00', 20),
(717, '2025-03-07', '06:00:00', '14:00:00', 1),
(718, '2025-03-07', '06:00:00', '14:00:00', 2),
(719, '2025-03-07', '07:00:00', '15:00:00', 3),
(720, '2025-03-07', '07:00:00', '15:00:00', 4),
(721, '2025-03-07', '07:00:00', '15:00:00', 5),
(722, '2025-03-07', '09:00:00', '17:00:00', 6),
(723, '2025-03-07', '09:00:00', '17:00:00', 7),
(724, '2025-03-07', '10:00:00', '18:00:00', 8),
(725, '2025-03-07', '10:00:00', '18:00:00', 9),
(726, '2025-03-07', '08:00:00', '16:00:00', 10),
(727, '2025-03-07', '10:00:00', '18:00:00', 11),
(728, '2025-03-07', '13:00:00', '21:00:00', 12),
(729, '2025-03-07', '13:00:00', '21:00:00', 20),
(730, '2025-03-08', '06:05:00', '14:00:00', 1),
(731, '2025-03-08', '06:00:00', '14:00:00', 2),
(732, '2025-03-08', '07:10:00', '15:00:00', 3),
(733, '2025-03-08', '07:15:00', '15:00:00', 4),
(734, '2025-03-08', '07:05:00', '15:00:00', 5),
(735, '2025-03-08', '09:05:00', '17:00:00', 6),
(736, '2025-03-08', '09:00:00', '17:00:00', 7),
(737, '2025-03-08', '10:05:00', '18:00:00', 8),
(738, '2025-03-08', '10:10:00', '18:00:00', 9),
(739, '2025-03-08', '08:15:00', '16:00:00', 10),
(740, '2025-03-08', '10:10:00', '18:00:00', 11),
(741, '2025-03-08', '13:10:00', '21:00:00', 12),
(742, '2025-03-08', '13:00:00', '21:00:00', 20),
(743, '2025-03-09', '06:20:00', '14:00:00', 1),
(744, '2025-03-09', '06:10:00', '14:00:00', 2),
(745, '2025-03-09', '07:05:00', '15:00:00', 3),
(746, '2025-03-09', '07:15:00', '15:00:00', 4),
(747, '2025-03-09', '07:00:00', '15:00:00', 5),
(748, '2025-03-09', '09:00:00', '17:00:00', 6),
(749, '2025-03-09', '09:10:00', '17:00:00', 7),
(750, '2025-03-09', '10:10:00', '18:00:00', 8),
(751, '2025-03-09', '10:05:00', '18:00:00', 9),
(752, '2025-03-09', '08:00:00', '16:00:00', 10),
(753, '2025-03-09', '10:00:00', '18:00:00', 11),
(754, '2025-03-09', '13:10:00', '21:00:00', 12),
(755, '2025-03-09', '13:15:00', '21:00:00', 20),
(756, '2025-03-10', '06:00:00', '14:00:00', 1),
(757, '2025-03-10', '06:10:00', '14:00:00', 2),
(758, '2025-03-10', '07:15:00', '15:00:00', 3),
(759, '2025-03-10', '07:05:00', '15:00:00', 4),
(760, '2025-03-10', '07:00:00', '15:00:00', 5),
(761, '2025-03-10', '09:00:00', '17:00:00', 6),
(762, '2025-03-10', '09:05:00', '17:00:00', 7),
(763, '2025-03-10', '10:00:00', '18:00:00', 8),
(764, '2025-03-10', '10:15:00', '18:00:00', 9),
(765, '2025-03-10', '08:00:00', '16:00:00', 10),
(766, '2025-03-10', '10:10:00', '18:00:00', 11),
(767, '2025-03-10', '13:00:00', '21:00:00', 12),
(768, '2025-03-10', '13:10:00', '21:00:00', 20),
(769, '2025-03-11', '06:05:00', '14:00:00', 1),
(770, '2025-03-11', '06:10:00', '14:00:00', 2),
(771, '2025-03-11', '07:00:00', '15:00:00', 3),
(772, '2025-03-11', '07:10:00', '15:00:00', 4),
(773, '2025-03-11', '07:15:00', '15:00:00', 5),
(774, '2025-03-11', '09:15:00', '17:00:00', 6),
(775, '2025-03-11', '09:05:00', '17:00:00', 7),
(776, '2025-03-11', '10:00:00', '18:00:00', 8),
(777, '2025-03-11', '10:10:00', '18:00:00', 9),
(778, '2025-03-11', '08:10:00', '16:00:00', 10),
(779, '2025-03-11', '10:05:00', '18:00:00', 11),
(780, '2025-03-11', '13:15:00', '21:00:00', 12),
(781, '2025-03-11', '13:00:00', '21:00:00', 20),
(782, '2025-03-12', '06:10:00', '14:00:00', 1),
(783, '2025-03-12', '06:20:00', '14:00:00', 2),
(784, '2025-03-12', '07:10:00', '15:00:00', 3),
(785, '2025-03-12', '07:05:00', '15:00:00', 4),
(786, '2025-03-12', '07:00:00', '15:00:00', 5),
(787, '2025-03-12', '09:05:00', '17:00:00', 6),
(788, '2025-03-12', '09:00:00', '17:00:00', 7),
(789, '2025-03-12', '10:05:00', '18:00:00', 8),
(790, '2025-03-12', '10:10:00', '18:00:00', 9),
(791, '2025-03-12', '08:00:00', '16:00:00', 10),
(792, '2025-03-12', '10:05:00', '18:00:00', 11),
(793, '2025-03-12', '13:10:00', '21:00:00', 12),
(794, '2025-03-12', '13:00:00', '21:00:00', 20),
(795, '2025-03-13', '06:05:00', '14:00:00', 1),
(796, '2025-03-13', '06:15:00', '14:00:00', 2),
(797, '2025-03-13', '07:05:00', '15:00:00', 3),
(798, '2025-03-13', '07:00:00', '15:00:00', 4),
(799, '2025-03-13', '07:10:00', '15:00:00', 5),
(800, '2025-03-13', '09:00:00', '17:00:00', 6),
(801, '2025-03-13', '09:10:00', '17:00:00', 7),
(802, '2025-03-13', '10:05:00', '18:00:00', 8),
(803, '2025-03-13', '10:00:00', '18:00:00', 9),
(804, '2025-03-13', '08:00:00', '16:00:00', 10),
(805, '2025-03-13', '10:00:00', '18:00:00', 11),
(806, '2025-03-13', '13:00:00', '21:00:00', 12),
(807, '2025-03-13', '13:10:00', '21:00:00', 20),
(808, '2025-03-14', '06:15:00', '14:00:00', 1),
(809, '2025-03-14', '06:05:00', '14:00:00', 2),
(810, '2025-03-14', '07:00:00', '15:00:00', 3),
(811, '2025-03-14', '07:05:00', '15:00:00', 4),
(812, '2025-03-14', '07:10:00', '15:00:00', 5),
(813, '2025-03-14', '09:05:00', '17:00:00', 6),
(814, '2025-03-14', '09:10:00', '17:00:00', 7),
(815, '2025-03-14', '10:00:00', '18:00:00', 8),
(816, '2025-03-14', '10:05:00', '18:00:00', 9),
(817, '2025-03-14', '08:05:00', '16:00:00', 10),
(818, '2025-03-14', '10:00:00', '18:00:00', 11),
(819, '2025-03-14', '13:15:00', '21:00:00', 12),
(820, '2025-03-14', '13:00:00', '21:00:00', 20),
(821, '2025-03-15', '06:00:00', '14:00:00', 1),
(822, '2025-03-15', '06:10:00', '14:00:00', 2),
(823, '2025-03-15', '07:05:00', '15:00:00', 3),
(824, '2025-03-15', '07:00:00', '15:00:00', 4),
(825, '2025-03-15', '07:15:00', '15:00:00', 5),
(826, '2025-03-15', '09:10:00', '17:00:00', 6),
(827, '2025-03-15', '09:15:00', '17:00:00', 7),
(828, '2025-03-15', '10:05:00', '18:00:00', 8),
(829, '2025-03-15', '10:15:00', '18:00:00', 9),
(830, '2025-03-15', '08:00:00', '16:00:00', 10),
(831, '2025-03-15', '10:05:00', '18:00:00', 11),
(832, '2025-03-15', '13:00:00', '21:00:00', 12),
(833, '2025-03-15', '13:10:00', '21:00:00', 20),
(834, '2025-03-17', '06:10:00', '14:00:00', 1),
(835, '2025-03-17', '06:20:00', '14:00:00', 2),
(836, '2025-03-17', '07:00:00', '15:00:00', 3),
(837, '2025-03-17', '07:05:00', '15:00:00', 4),
(838, '2025-03-17', '07:25:00', '15:00:00', 5),
(839, '2025-03-17', '09:05:00', '17:00:00', 6),
(840, '2025-03-17', '09:30:00', '17:00:00', 7),
(841, '2025-03-17', '10:05:00', '18:00:00', 8),
(842, '2025-03-17', '10:10:00', '18:00:00', 9),
(843, '2025-03-17', '08:00:00', '16:00:00', 10),
(844, '2025-03-17', '10:00:00', '18:00:00', 11),
(845, '2025-03-17', '13:10:00', '21:00:00', 12),
(846, '2025-03-17', '13:15:00', '21:00:00', 20),
(847, '2025-03-18', '06:00:00', '14:00:00', 1),
(848, '2025-03-18', '06:15:00', '14:00:00', 2),
(849, '2025-03-18', '07:00:00', '15:00:00', 3),
(850, '2025-03-18', '07:10:00', '15:00:00', 4),
(851, '2025-03-18', '07:30:00', '15:00:00', 5),
(852, '2025-03-18', '09:05:00', '17:00:00', 6),
(853, '2025-03-18', '09:25:00', '17:00:00', 7),
(854, '2025-03-18', '10:10:00', '18:00:00', 8),
(855, '2025-03-18', '10:15:00', '18:00:00', 9),
(856, '2025-03-18', '08:00:00', '16:00:00', 10),
(857, '2025-03-18', '10:00:00', '18:00:00', 11),
(858, '2025-03-18', '13:15:00', '21:00:00', 12),
(859, '2025-03-18', '13:20:00', '21:00:00', 20),
(860, '2025-03-19', '06:05:00', '14:00:00', 1),
(861, '2025-03-19', '06:10:00', '14:00:00', 2),
(862, '2025-03-19', '07:00:00', '15:00:00', 3),
(863, '2025-03-19', '07:20:00', '15:00:00', 4),
(864, '2025-03-19', '07:15:00', '15:00:00', 5),
(865, '2025-03-19', '09:10:00', '17:00:00', 6),
(866, '2025-03-19', '09:15:00', '17:00:00', 7),
(867, '2025-03-19', '10:05:00', '18:00:00', 8),
(868, '2025-03-19', '10:10:00', '18:00:00', 9),
(869, '2025-03-19', '08:00:00', '16:00:00', 10),
(870, '2025-03-19', '10:05:00', '18:00:00', 11),
(871, '2025-03-19', '13:00:00', '21:00:00', 12),
(872, '2025-03-19', '13:10:00', '21:00:00', 20),
(873, '2025-03-20', '06:15:00', '14:00:00', 1),
(874, '2025-03-20', '06:25:00', '14:00:00', 2),
(875, '2025-03-20', '07:05:00', '15:00:00', 3),
(876, '2025-03-20', '07:00:00', '15:00:00', 4),
(877, '2025-03-20', '07:10:00', '15:00:00', 5),
(878, '2025-03-20', '09:15:00', '17:00:00', 6),
(879, '2025-03-20', '09:30:00', '17:00:00', 7),
(880, '2025-03-20', '10:05:00', '18:00:00', 8),
(881, '2025-03-20', '10:15:00', '18:00:00', 9),
(882, '2025-03-20', '08:00:00', '16:00:00', 10),
(883, '2025-03-20', '10:00:00', '18:00:00', 11),
(884, '2025-03-20', '13:20:00', '21:00:00', 12),
(885, '2025-03-20', '13:30:00', '21:00:00', 20),
(886, '2025-03-21', '06:10:00', '14:00:00', 1),
(887, '2025-03-21', '06:30:00', '14:00:00', 2),
(888, '2025-03-21', '07:10:00', '15:00:00', 3),
(889, '2025-03-21', '07:15:00', '15:00:00', 4),
(890, '2025-03-21', '07:35:00', '15:00:00', 5),
(891, '2025-03-21', '09:00:00', '17:00:00', 6),
(892, '2025-03-21', '09:35:00', '17:00:00', 7),
(893, '2025-03-21', '10:10:00', '18:00:00', 8),
(894, '2025-03-21', '10:20:00', '18:00:00', 9),
(895, '2025-03-21', '08:00:00', '16:00:00', 10),
(896, '2025-03-21', '10:00:00', '18:00:00', 11),
(897, '2025-03-21', '13:25:00', '21:00:00', 12),
(898, '2025-03-21', '13:30:00', '21:00:00', 20),
(899, '2025-03-22', '06:00:00', '14:00:00', 1),
(900, '2025-03-22', '06:10:00', '14:00:00', 2),
(901, '2025-03-22', '07:00:00', '15:00:00', 3),
(902, '2025-03-22', '07:10:00', '15:00:00', 4),
(903, '2025-03-22', '07:15:00', '15:00:00', 5),
(904, '2025-03-22', '09:10:00', '17:00:00', 6),
(905, '2025-03-22', '09:20:00', '17:00:00', 7),
(906, '2025-03-22', '10:00:00', '18:00:00', 8),
(907, '2025-03-22', '10:10:00', '18:00:00', 9),
(908, '2025-03-22', '08:00:00', '16:00:00', 10),
(909, '2025-03-22', '10:00:00', '18:00:00', 11),
(910, '2025-03-22', '13:20:00', '21:00:00', 12),
(911, '2025-03-22', '13:30:00', '21:00:00', 20),
(912, '2025-03-24', '06:10:00', '14:00:00', 1),
(913, '2025-03-24', '06:20:00', '14:00:00', 2),
(914, '2025-03-24', '07:05:00', '15:00:00', 3),
(915, '2025-03-24', '07:15:00', '15:00:00', 4),
(916, '2025-03-24', '07:10:00', '15:00:00', 5),
(917, '2025-03-24', '09:15:00', '17:00:00', 6),
(918, '2025-03-24', '09:25:00', '17:00:00', 7),
(919, '2025-03-24', '10:00:00', '18:00:00', 8),
(920, '2025-03-24', '10:05:00', '18:00:00', 9),
(921, '2025-03-24', '08:00:00', '16:00:00', 10),
(922, '2025-03-24', '10:10:00', '18:00:00', 11),
(923, '2025-03-24', '13:30:00', '21:00:00', 12),
(924, '2025-03-24', '13:40:00', '21:00:00', 20),
(925, '2025-03-25', '06:15:00', '14:00:00', 1),
(926, '2025-03-25', '06:30:00', '14:00:00', 2),
(927, '2025-03-25', '07:00:00', '15:00:00', 3),
(928, '2025-03-25', '07:05:00', '15:00:00', 4),
(929, '2025-03-25', '07:25:00', '15:00:00', 5),
(930, '2025-03-25', '09:00:00', '17:00:00', 6),
(931, '2025-03-25', '09:10:00', '17:00:00', 7),
(932, '2025-03-25', '10:05:00', '18:00:00', 8),
(933, '2025-03-25', '10:20:00', '18:00:00', 9),
(934, '2025-03-25', '08:00:00', '16:00:00', 10),
(935, '2025-03-25', '10:00:00', '18:00:00', 11),
(936, '2025-03-25', '13:30:00', '21:00:00', 12),
(937, '2025-03-25', '13:40:00', '21:00:00', 20),
(938, '2025-03-26', '06:20:00', '14:00:00', 1),
(939, '2025-03-26', '06:40:00', '14:00:00', 2),
(940, '2025-03-26', '07:10:00', '15:00:00', 3),
(941, '2025-03-26', '07:15:00', '15:00:00', 4),
(942, '2025-03-26', '07:30:00', '15:00:00', 5),
(943, '2025-03-26', '09:10:00', '17:00:00', 6),
(944, '2025-03-26', '09:20:00', '17:00:00', 7),
(945, '2025-03-26', '10:00:00', '18:00:00', 8),
(946, '2025-03-26', '10:15:00', '18:00:00', 9),
(947, '2025-03-26', '08:00:00', '16:00:00', 10),
(948, '2025-03-26', '10:05:00', '18:00:00', 11),
(949, '2025-03-26', '13:20:00', '21:00:00', 12),
(950, '2025-03-26', '13:30:00', '21:00:00', 20),
(951, '2025-03-27', '06:15:00', '14:00:00', 1),
(952, '2025-03-27', '06:25:00', '14:00:00', 2),
(953, '2025-03-27', '07:00:00', '15:00:00', 3),
(954, '2025-03-27', '07:05:00', '15:00:00', 4),
(955, '2025-03-27', '07:30:00', '15:00:00', 5),
(956, '2025-03-27', '09:00:00', '17:00:00', 6),
(957, '2025-03-27', '09:10:00', '17:00:00', 7),
(958, '2025-03-27', '10:00:00', '18:00:00', 8),
(959, '2025-03-27', '10:05:00', '18:00:00', 9),
(960, '2025-03-27', '08:00:00', '16:00:00', 10),
(961, '2025-03-27', '10:00:00', '18:00:00', 11),
(962, '2025-03-27', '13:30:00', '21:00:00', 12),
(963, '2025-03-27', '13:40:00', '21:00:00', 20),
(964, '2025-03-28', '06:10:00', '14:00:00', 1),
(965, '2025-03-28', '06:20:00', '14:00:00', 2),
(966, '2025-03-28', '07:05:00', '15:00:00', 3),
(967, '2025-03-28', '07:10:00', '15:00:00', 4),
(968, '2025-03-28', '07:20:00', '15:00:00', 5),
(969, '2025-03-28', '09:10:00', '17:00:00', 6),
(970, '2025-03-28', '09:15:00', '17:00:00', 7),
(971, '2025-03-28', '10:05:00', '18:00:00', 8),
(972, '2025-03-28', '10:15:00', '18:00:00', 9),
(973, '2025-03-28', '08:00:00', '16:00:00', 10),
(974, '2025-03-28', '10:10:00', '18:00:00', 11),
(975, '2025-03-28', '13:30:00', '21:00:00', 12),
(976, '2025-03-28', '13:40:00', '21:00:00', 20),
(977, '2025-03-29', '06:00:00', '14:00:00', 1),
(978, '2025-03-29', '06:10:00', '14:00:00', 2),
(979, '2025-03-29', '07:00:00', '15:00:00', 3),
(980, '2025-03-29', '07:05:00', '15:00:00', 4),
(981, '2025-03-29', '07:15:00', '15:00:00', 5),
(982, '2025-03-29', '09:05:00', '17:00:00', 6),
(983, '2025-03-29', '09:15:00', '17:00:00', 7),
(984, '2025-03-29', '10:00:00', '18:00:00', 8),
(985, '2025-03-29', '10:10:00', '18:00:00', 9),
(986, '2025-03-29', '08:00:00', '16:00:00', 10),
(987, '2025-03-29', '10:00:00', '18:00:00', 11),
(988, '2025-03-29', '13:30:00', '21:00:00', 12),
(989, '2025-03-29', '13:40:00', '21:00:00', 20),
(990, '2025-03-31', '06:05:00', '14:00:00', 1),
(991, '2025-03-31', '06:15:00', '14:00:00', 2),
(992, '2025-03-31', '07:10:00', '15:00:00', 3),
(993, '2025-03-31', '07:20:00', '15:00:00', 4),
(994, '2025-03-31', '07:30:00', '15:00:00', 5),
(995, '2025-03-31', '09:00:00', '17:00:00', 6),
(996, '2025-03-31', '09:05:00', '17:00:00', 7),
(997, '2025-03-31', '10:10:00', '18:00:00', 8),
(998, '2025-03-31', '10:15:00', '18:00:00', 9),
(999, '2025-03-31', '08:05:00', '16:00:00', 10),
(1000, '2025-03-31', '10:20:00', '18:00:00', 11),
(1001, '2025-03-31', '13:40:00', '21:00:00', 12),
(1002, '2025-03-31', '13:50:00', '21:00:00', 20);

-- --------------------------------------------------------

--
-- Estructura de tabla para la tabla `empleado`
--

CREATE TABLE `empleado` (
  `id_empleado` int(11) NOT NULL,
  `nombre` varchar(100) DEFAULT NULL,
  `apellido` varchar(100) DEFAULT NULL,
  `correo` varchar(150) DEFAULT NULL,
  `telefono` varchar(20) DEFAULT NULL,
  `puesto` varchar(100) DEFAULT NULL,
  `departamento` varchar(100) DEFAULT NULL,
  `rfc` varchar(13) DEFAULT NULL,
  `fecha_nac` date DEFAULT NULL
) ENGINE=InnoDB DEFAULT CHARSET=utf8mb4 COLLATE=utf8mb4_general_ci;

--
-- Volcado de datos para la tabla `empleado`
--

INSERT INTO `empleado` (`id_empleado`, `nombre`, `apellido`, `correo`, `telefono`, `puesto`, `departamento`, `rfc`, `fecha_nac`) VALUES
(1, 'miguel', 'martinez', 'miguel@gmail.com', '2386812361623', 'Maestro Repostero', 'Cocina', '3fh23f23hf123', '1999-04-02'),
(2, 'Carlos Alberto', 'Ramírez González', 'carlos.alberto.ramirez@email.com', '5534567890', 'Maestro Repostero', 'Cocina', 'RARC950101ABC', '1995-01-01'),
(3, 'María Fernanda', 'González Pérez', 'maria.fernanda.gonzalez@email.com', '5543219876', 'Ayudante de Repostería', 'Cocina', 'GOMR970202DEF', '1997-02-02'),
(4, 'José Antonio', 'Hernández López', 'jose.antonio.hernandez@email.com', '5523456789', 'Ayudante de Repostería', 'Cocina', 'HEJJ960303GHI', '1996-03-03'),
(5, 'Ana María', 'López Rodríguez', 'ana.maria.lopez@email.com', '5567891234', 'Ayudante de Repostería', 'Cocina', 'LOPA980404JKL', '1998-04-04'),
(6, 'Luis Fernando', 'Martínez Sánchez', 'luis.fernando.martinez@email.com', '5578912345', 'Vendedor Mostrador', 'Ventas', 'MALU990505MNO', '1999-05-05'),
(7, 'Sofía Carolina', 'Pérez Jiménez', 'sofia.carolina.perez@email.com', '5589123456', 'Vendedor Mostrador', 'Ventas', 'PESO000606PQR', '2000-06-06'),
(8, 'Miguel Ángel', 'Torres Cruz', 'miguel.angel.torres@email.com', '5591234567', 'Repartidor', 'Ventas', 'TOMI940707STU', '1994-07-07'),
(9, 'Fernanda Isabel', 'Sánchez García', 'fernanda.isabel.sanchez@email.com', '5512345678', 'Repartidor', 'Ventas', 'SAFE930808VWX', '1993-08-08'),
(10, 'Jorge Luis', 'Cruz Martínez', 'jorge.luis.cruz@email.com', '5523987654', 'Encargado Administrativo', 'Oficina', 'CRJO990909YZA', '1999-09-09'),
(11, 'Daniela Sofía', 'Morales Gómez', 'daniela.sofia.morales@email.com', '5539876543', 'Community Manager', 'Marketing', 'MODA000101BCD', '2000-01-01'),
(12, 'pablo tercero', 'pineda cruz', 'pablo.cruz@gmail.com', '9965340892', 'Encargado de Limpieza', 'Limpieza', 'VECJ880326XXX', '1997-04-09'),
(20, 'Karla', 'Gómez', 'karla.gomez@email.com', '5512345678', 'Encargado de Limpieza', 'Limpieza', 'GOMK890123', '1990-03-21');

-- --------------------------------------------------------

--
-- Estructura de tabla para la tabla `horario`
--

CREATE TABLE `horario` (
  `id_horario` int(11) NOT NULL,
  `hora_inicio` time NOT NULL,
  `hora_fin` time NOT NULL,
  `dias_laborables` int(11) NOT NULL,
  `id_empleado` int(11) DEFAULT NULL
) ENGINE=InnoDB DEFAULT CHARSET=utf8mb4 COLLATE=utf8mb4_general_ci;

--
-- Volcado de datos para la tabla `horario`
--

INSERT INTO `horario` (`id_horario`, `hora_inicio`, `hora_fin`, `dias_laborables`, `id_empleado`) VALUES
(1, '06:00:00', '14:00:00', 6, 1),
(2, '06:00:00', '14:00:00', 6, 2),
(3, '07:00:00', '15:00:00', 6, 3),
(4, '07:00:00', '15:00:00', 6, 4),
(5, '07:00:00', '15:00:00', 6, 5),
(6, '09:00:00', '17:00:00', 6, 6),
(7, '09:00:00', '17:00:00', 6, 7),
(8, '10:00:00', '18:00:00', 6, 8),
(9, '10:00:00', '18:00:00', 6, 9),
(10, '08:00:00', '16:00:00', 6, 10),
(11, '10:00:00', '18:00:00', 6, 11),
(12, '13:00:00', '21:00:00', 6, 12),
(16, '13:00:00', '21:00:00', 6, 20);

-- --------------------------------------------------------

--
-- Estructura de tabla para la tabla `nomina`
--

CREATE TABLE `nomina` (
  `id_nomina` int(11) NOT NULL,
  `fecha` date DEFAULT NULL,
  `sueldo_por_hora` float DEFAULT NULL,
  `horas` float DEFAULT NULL,
  `total_pago` float DEFAULT NULL,
  `id_empleado` int(11) DEFAULT NULL
) ENGINE=InnoDB DEFAULT CHARSET=utf8mb4 COLLATE=utf8mb4_general_ci;

--
-- Volcado de datos para la tabla `nomina`
--

INSERT INTO `nomina` (`id_nomina`, `fecha`, `sueldo_por_hora`, `horas`, `total_pago`, `id_empleado`) VALUES
(1, '2025-04-08', 85.5, 40, 3420, 1),
(2, '2025-04-09', 90, 35, 3150, 2),
(3, '2025-04-10', 88.75, NULL, 710, 3),
(4, '2025-04-11', 95, 32, 3040, 4),
(5, '2025-04-14', 100, NULL, 800, 5);

-- --------------------------------------------------------

--
-- Estructura de tabla para la tabla `usuario`
--

CREATE TABLE `usuario` (
  `id_usuario` int(11) NOT NULL,
  `pin` int(11) NOT NULL,
  `id_empleado` int(11) DEFAULT NULL
) ENGINE=InnoDB DEFAULT CHARSET=utf8mb4 COLLATE=utf8mb4_general_ci;

--
-- Volcado de datos para la tabla `usuario`
--

INSERT INTO `usuario` (`id_usuario`, `pin`, `id_empleado`) VALUES
(1, 1234, 1),
(2, 5678, 2),
(3, 9101, 3),
(4, 1122, 4),
(5, 3344, 5),
(6, 5566, 6),
(7, 7788, 7),
(8, 9900, 8),
(9, 1234, 9),
(10, 5678, 10),
(13, 8333, 20);

--
-- Índices para tablas volcadas
--

--
-- Indices de la tabla `administrador`
--
ALTER TABLE `administrador`
  ADD PRIMARY KEY (`id_administrador`);

--
-- Indices de la tabla `asistencia`
--
ALTER TABLE `asistencia`
  ADD PRIMARY KEY (`id_asistencia`),
  ADD KEY `id_empleado` (`id_empleado`);

--
-- Indices de la tabla `empleado`
--
ALTER TABLE `empleado`
  ADD PRIMARY KEY (`id_empleado`),
  ADD UNIQUE KEY `Correo` (`correo`),
  ADD UNIQUE KEY `Rfc` (`rfc`);

--
-- Indices de la tabla `horario`
--
ALTER TABLE `horario`
  ADD PRIMARY KEY (`id_horario`),
  ADD KEY `id_empleado` (`id_empleado`);

--
-- Indices de la tabla `nomina`
--
ALTER TABLE `nomina`
  ADD PRIMARY KEY (`id_nomina`),
  ADD KEY `id_empleado` (`id_empleado`);

--
-- Indices de la tabla `usuario`
--
ALTER TABLE `usuario`
  ADD PRIMARY KEY (`id_usuario`),
  ADD KEY `id_empleado` (`id_empleado`);

--
-- AUTO_INCREMENT de las tablas volcadas
--

--
-- AUTO_INCREMENT de la tabla `administrador`
--
ALTER TABLE `administrador`
  MODIFY `id_administrador` int(11) NOT NULL AUTO_INCREMENT, AUTO_INCREMENT=2;

--
-- AUTO_INCREMENT de la tabla `asistencia`
--
ALTER TABLE `asistencia`
  MODIFY `id_asistencia` int(11) NOT NULL AUTO_INCREMENT, AUTO_INCREMENT=1003;

--
-- AUTO_INCREMENT de la tabla `empleado`
--
ALTER TABLE `empleado`
  MODIFY `id_empleado` int(11) NOT NULL AUTO_INCREMENT, AUTO_INCREMENT=21;

--
-- AUTO_INCREMENT de la tabla `horario`
--
ALTER TABLE `horario`
  MODIFY `id_horario` int(11) NOT NULL AUTO_INCREMENT, AUTO_INCREMENT=17;

--
-- AUTO_INCREMENT de la tabla `nomina`
--
ALTER TABLE `nomina`
  MODIFY `id_nomina` int(11) NOT NULL AUTO_INCREMENT, AUTO_INCREMENT=6;

--
-- AUTO_INCREMENT de la tabla `usuario`
--
ALTER TABLE `usuario`
  MODIFY `id_usuario` int(11) NOT NULL AUTO_INCREMENT, AUTO_INCREMENT=14;

--
-- Restricciones para tablas volcadas
--

--
-- Filtros para la tabla `asistencia`
--
ALTER TABLE `asistencia`
  ADD CONSTRAINT `asistencia_ibfk_1` FOREIGN KEY (`id_empleado`) REFERENCES `empleado` (`id_empleado`);

--
-- Filtros para la tabla `horario`
--
ALTER TABLE `horario`
  ADD CONSTRAINT `horario_ibfk_1` FOREIGN KEY (`id_empleado`) REFERENCES `empleado` (`id_empleado`);

--
-- Filtros para la tabla `nomina`
--
ALTER TABLE `nomina`
  ADD CONSTRAINT `nomina_ibfk_1` FOREIGN KEY (`id_empleado`) REFERENCES `empleado` (`id_empleado`);

--
-- Filtros para la tabla `usuario`
--
ALTER TABLE `usuario`
  ADD CONSTRAINT `usuario_ibfk_1` FOREIGN KEY (`id_empleado`) REFERENCES `empleado` (`id_empleado`);
COMMIT;

/*!40101 SET CHARACTER_SET_CLIENT=@OLD_CHARACTER_SET_CLIENT */;
/*!40101 SET CHARACTER_SET_RESULTS=@OLD_CHARACTER_SET_RESULTS */;
/*!40101 SET COLLATION_CONNECTION=@OLD_COLLATION_CONNECTION */;
